"Study","Operator","Knife","Cell_DNA","Cell_free_DNA","Total_DNA"
"M","A","K1",1.53588071465492,0.440579815767705,1.97646053042263
"M","A","K2",0.0146609731018543,0.0958376284688711,0.110498601570725
"M","A","K3",0.641418658196926,0.220118910074234,0.86153756827116
"M","B","K1",0.463996082544327,0.353871057741344,0.817867140285671
"M","B","K2",0.171668753027916,0.0711362855508924,0.242805038578808
"M","B","K3",0.361094772815704,0.0394355249591172,0.400530297774822
"M","C","K1",0.233922498300672,0.151294114039047,0.385216612339718
"M","C","K2",0.256485436111689,0.0267297215759754,0.283215157687664
"M","C","K3",0.266533065587282,0.0085484836017713,0.275081549189053
